tableau;section;statut;version_code;script_producteur;artefact_source;taux_correspondance;remarque
tab:isolated_benchmark;05;VALIDE selon la chaine disponible dans le depot;ETABLI 57d98a4 (sous reserve documentaire);benchmarks/benchmark_surrogate_latency.m;benchmarks/benchmark_surrogate_latency_20260811_021246.mat;16/16 cellules = 100 %;Statut CONFIRME le 23/09, avec la reserve documentaire explicite retenue avec le directeur : le script etait commite AVANT le run (08/08 18:43, resultat 11/08 02:12), aucun commit posterieur ne le touche, la copie de travail est identique a HEAD, et le fichier BRUT est lui-meme suivi par git (db1f75e) et inchange — son integrite repose donc sur le hachage de git et pas seulement sur un SHA au registre. MAIS le fichier brut ne contient pas l'empreinte du code execute : git ne peut pas exclure retrospectivement une modification locale faite puis annulee entre le run et l'etat actuel. Cette possibilite ne peut pas etre demontree impossible a partir du depot seul. PAS de retrogradation : le niveau de preuve est nettement superieur a celui des campagnes de septembre. Seul artefact du projet a contenir le brut ET l'agregat : times_ms = 250 valeurs par bras, plus min/median/mean/p95/max.
tab:maxiter_sensitivity;05;A CONFIRMER;EXCLU les deux copies - INDETERMINATION MAINTENUE;run_sensitivity_maxiter_np_unifie.m (racine) + piste_B_nominal_correction/run_sensitivity_maxiter_np_par_archi.m;results/sensitivity_maxiter.{mat,txt};4/4 = 100 %;"RETRACTATION du 23/09 (2e passe) : j'avais inscrit ETABLIE db1f75e en choisissant arbitrairement la copie de piste_B. L'outil d'audit REFUSE desormais de trancher. Le script existe en DEUX exemplaires SUIVIS et de CONTENUS DIFFERENTS : racine (sha 0d8c6ce0..., commit 11b4368 du 16/08 14:46) et piste_B (sha fa30acd3..., commit db1f75e du 15/08 21:29). Le resultat date du 16/08 11:23, ENTRE les deux commits : le verdict depend donc de la copie, ETABLI pour l'une, PLAUSIBLE pour l'autre. DIVERGENCE MATERIELLE, pas cosmetique : la copie racine impose Np=15/Nc=4 a TOUTES les architectures (protocole unifie, item 2.5) ; la copie piste_B n'applique Np=15 qu'au TCN et laisse Np=10 pour Baseline et MLP-residuel. L'artefact n'enregistre NI Np NI Nc : il ne peut pas arbitrer. Les deux copies ecrivent le MEME chemin relatif results/sensitivity_maxiter_results.txt, resolu contre le dossier courant. HYPOTHESE, a ne pas publier telle quelle : la copie piste_B aurait tourne le 16/08 a 11:23 et la version unifiee aurait ete commitee a 14:46 en correction — ce qui voudrait dire que le tableau publie repose sur des horizons NON unifies, contre ce qu'annonce P2. TEST D'EXCLUSION possible : rejouer les deux copies sous protocole gele et comparer mean_cpu_ms du Baseline (Np=10 contre Np=15 doivent se separer nettement). Cela peut EXCLURE une copie, jamais etablir laquelle a tourne en aout. MISE A JOUR du 25/09 apres le commit 53bd9f1 (desambiguisation des noms) : l'homonymie est levee, git ls-files ne renvoie plus de doublon, et la condition 9 de la fiche est satisfaite. Mais le verdict d'audit s'est DEGRADE en information : il rendait INDETERMINABLE - 2 homonymes, refus de choisir, qui etait l'etat epistemique exact et designait la question ouverte ; il rend desormais EXCLU - fichier modifie APRES le resultat pour les DEUX copies. Mesure : le renommage a touche 3 lignes par fichier (declaration de fonction + en-tete, git diff -M --numstat 11b4368 53bd9f1 donne 3 insertions / 3 suppressions) et a porte la date du dernier commit au 25/09 00:09:23, posterieure a l'artefact du 16/08 11:23:48. EXCLU est donc litteralement vrai — les octets sur le disque ne sont pas ceux qui ont tourne — et pratiquement trompeur : il se lit comme un constat clos alors qu'il exclut LES DEUX copies et ne dit donc rien sur laquelle a produit le tableau. Le classement reste A CONFIRMER, la voie de resolution est inchangee : rejouer les deux protocoles sous protocole gele et comparer mean_cpu_ms du Baseline (Np=10 contre Np=15). Cela peut EXCLURE une copie, jamais etablir laquelle a tourne en aout."
tab:mechanism_isolation;05;SOURCE NON REPRODUCTIBLE;INDETERMINEE - commit posterieur;piste_B_nominal_correction/isolate_predict_mechanism.m;results/isolate_predict_mechanism_results.txt;"4/5 cellules ; lignes a recompter";"Resultat le 14/08 15:51, script commite le 15/08 21:29 — APRES le run. La version commitee est vraisemblablement celle qui a tourne, mais rien ne l'etablit. Voie de resolution : l'en-tete du .txt porte le protocole ; le confronter aux parametres du script commite. Seul artefact du projet a enregistrer la version MATLAB (24.1.0.2537033, R2024a) et N_calls=250. Medianes seules, pas de vecteur brut."
tab:unified_protocol;06;SOURCE NON REPRODUCTIBLE;INDETERMINEE - commit posterieur;piste_B_nominal_correction/run_item25_unified_protocol.m;results/item25_unified_protocol_results.txt;"12/15 cellules ; lignes a recompter";Resultat le 16/08 02:36, script commite le 16/08 14:46 — APRES le run, 12 h plus tard. Protocole COMPLET dans l'en-tete (15/08/2026 23:15, T=60s, Np=15, Nc=4, Ts=0,10, V=14, graine 2025) : le confronter au script commite est la voie de resolution. Valeurs agregees seules : la statistique ne se recalcule pas.
tab:v1_results;09;SUSPENDU;INDETERMINEE - commit posterieur;piste_B_nominal_correction/run_unified_v1v2_protocol.m;AUCUN;0/20;Resultat le 15/08 20:05, script commite le 15/08 21:29 — 84 min APRES. unified_v1v2_protocol.mat contient d'AUTRES valeurs (Baseline 0,814 contre 1,358 publie) : ce n'est pas la source. La question de version est donc secondaire ici : il n'y a pas de source du tout.
tab:v2_results;09;SUSPENDU;INDETERMINEE - commit posterieur;piste_B_nominal_correction/run_unified_v1v2_protocol.m;AUCUN;0/12;Idem tab:v1_results.
tab:monte_carlo_extended;09;SOURCE NON REPRODUCTIBLE;INDETERMINEE - modification commitee retroactivement (28aff11);piste_B_nominal_correction/run_extended_monte_carlo.m;extended_monte_carlo_summary.mat;4/7 lignes = 57 % (39/42 cellules);"AGGRAVE le 23/09 : le script est suivi mais MODIFIE sans commit. La version qui a produit le resultat du 20/08 n'est ni celle de HEAD (57d98a4, 08/08) ni certainement celle du disque. Commiter maintenant ne repare pas le passe. Comptage par LIGNE PUBLIEE (regle du 23/09) : 3 des 7 lignes sont compromises — Baseline moyenne 1,353 ; SW-MLP ecart-type 0,052 ; LSTM ecart-type 0,021. Le .mat ne contient que des agregats. MISE A JOUR du 25/09 : les 12 lignes modifiees de run_extended_monte_carlo.m ont ete commitees dans 28aff11 (regularisation retroactive). Cela enregistre l'etat du fichier, pas celui qui a tourne : aucune empreinte n'a ete prise au run du 20/08. L'ordre des dates (fichier 11:15, resultat 12:23) est compatible avec cette version, et ne l'etablit pas."
tab:precision_diagnostic;05;A CONFIRMER;A AUDITER;indetermine (diagnose_predict_precision.m ?);stage3_v3_trajectories.mat ou bench_dt.mat;4/4 = 100 %;Deux artefacts candidats : trancher par le script generateur. Si le producteur est bench_dt.mat, les scripts bench_*.m ne sont PAS suivis : la version serait alors absente.
tab:bypass_closed_loop;09;A CONFIRMER;A AUDITER;indetermine;stage3_v3_trajectories.mat ou stage3_extended_monte_carlo.mat;7/7 = 100 %;Sur-ensemble / sous-ensemble : trancher par le script, puis auditer la version du script retenu.
tab:turbine_params;02;PARAMETRES;ETABLIE (suivi, non modifie);common/stage0_config.m;common/stage0_config.m;-;Valeurs de configuration, pas une mesure. stage0_config.m est suivi et identique a HEAD.
tab:protocol_summary;05;PARAMETRES;ETABLIE (suivi, non modifie);common/stage0_config.m + scripts de campagne;common/stage0_config.m;-;Protocole declare, pas une mesure. Reserve : les « scripts de campagne » cites renvoient en partie a des fichiers non suivis (campagnes de septembre).
tab:predict_bypass;05;SUSPENDU;SANS OBJET;inconnu;AUCUN;0;Serie orpheline, anterieure a la correction NREL des 11-12/08 (audit du 23/09). Aucun artefact, donc aucun script a auditer.
tab:stage2_accuracy;04;SUSPENDU;A AUDITER;common/stage2_main_v2.m (?);AUCUN;0/14;PRIORITE EDITORIALE : porte l'argument « la precision hors ligne ne predit pas la boucle fermee ». Les scripts stage2_* de common/ SONT suivis et non modifies : si l'artefact est retrouve, la chaine de version est probablement recuperable.
tab:feature_stats;03;SUSPENDU;A AUDITER;common/stage1_generate_data.m (?);AUCUN;0/7;Statistiques du corpus : recalculables depuis common/stage1_data.mat — qui est SUIVI par git — si le script d'analyse est ecrit. stage1_generate_data.m est suivi et non modifie.
tab:prior_studies;01;HORS PERIMETRE;SANS OBJET;-;litterature;-;Valeurs citees d'autres articles : la regle porte sur nos mesures.
tab:predict_vs_manual_infeasibility;05;NON TESTABLE;A AUDITER;?;?;-;Entiers seulement : la methode automatique ne discrimine pas. Verification a la main.
tab:verification_tolerances;09;NON TESTABLE;A AUDITER;?;?;-;Notation scientifique : verification a la main.
