campagne;fichier_brut;date_execution_machine;script_genereur_presume;octets;sha256;champs_protocole_enregistres;niveau;graine;vent;duree;horizons;tolerances;IsContinuousTime;version_matlab;date_execution;script_generateur;version_code
;audit_gp.mat;2026-09-18 09:30;run_audit_gp.m;32421;7ef1a28f4cbddc86d93d44cd00a21e49197ae331aad82a1d080a0a3b612d107c;3/9;B;non;non;oui;oui;oui;non;non;non;non;code commite retroactivement le 25/09/2026 (28aff11), non versionne au moment de l'execution - a citer comme code_commit_retroactif, jamais comme version du code
;bench_dt.mat;2026-09-05 17:48;bench_tick.m;96633;75fa2470150c2bac3e10477bbb7f6c71228ed4dfa5c9741f0f23e204b4d802cd;2/9;B;non;non;oui;non;non;oui;non;non;non;code commite retroactivement le 25/09/2026 (28aff11), non versionne au moment de l'execution - a citer comme code_commit_retroactif, jamais comme version du code
;bench_dt_crossrank.mat;2026-09-05 15:33;run_bench_dt.m;885;560f5383e106316e616b077af0291d1eadb0c3686dab43e7fbc2bd1cb24a63aa;0/9;B;non;non;non;non;non;non;non;non;non;code commite retroactivement le 25/09/2026 (28aff11), non versionne au moment de l'execution - a citer comme code_commit_retroactif, jamais comme version du code
;carte_gain.mat;2026-09-08 11:31;carte_gain.m;11917;18281912ddaea32dff93604ddc1c2132c89719758a374a318481ff10b92ee0c3;0/9;B;non;non;non;non;non;non;non;non;non;code commite retroactivement le 25/09/2026 (28aff11), non versionne au moment de l'execution - a citer comme code_commit_retroactif, jamais comme version du code
;confirm_beta.mat;2026-09-18 11:44;run_confirm_beta.m;87845;3526318810b36fc818147107d2f75a2a9ae609b6f9068c7158026ac0cd313f58;3/9;B;oui;oui;oui;non;non;non;non;non;non;code commite retroactivement le 25/09/2026 (28aff11), non versionne au moment de l'execution - a citer comme code_commit_retroactif, jamais comme version du code
;inversion.mat;2026-09-19 10:21;run_inversion_test.m;40206;9fff41a60dd1c3abdb5cdcfec45f530869c07bde8c8de01af04d34b18bff37a6;2/9;B;oui;non;oui;non;non;non;non;non;non;code commite retroactivement le 25/09/2026 (28aff11), non versionne au moment de l'execution - a citer comme code_commit_retroactif, jamais comme version du code
;inversion_decomp.mat;2026-09-19 10:30;run_inversion_test.m;9325;ce95ab1a034150df27f23e46b21161da623d48930a00def4d570bbc1bc7b507d;0/9;B;non;non;non;non;non;non;non;non;non;code commite retroactivement le 25/09/2026 (28aff11), non versionne au moment de l'execution - a citer comme code_commit_retroactif, jamais comme version du code
;lstm_v12_instability.mat;2026-08-13 10:14;investigate_lstm_v12_instability.m;469;521d9aa243a358758a383c1e0098b891a9b7022d316493052f4928e97abeb179;1/9;B;oui;non;non;non;non;non;non;non;non;"PLAUSIBLE - db1f75e commite le 15/08 21:29, APRES le run ; non etabli"
;remesure_predict.mat;2026-09-08 09:35;run_remesure_predict.m;127562;d71bbdb117e1bc4aad3446ee904dc2d01f247f015679c413f5de361b2074571b;3/9;B;non;non;oui;oui;non;oui;non;non;non;code commite retroactivement le 25/09/2026 (28aff11), non versionne au moment de l'execution - a citer comme code_commit_retroactif, jamais comme version du code
;sensitivity_maxiter.mat;2026-08-16 08:23;run_sensitivity_maxiter.m;762;d1d1e7897902aa16cff5e523f466022f143b6f1c5e5019a03742bab347842518;0/9;B;non;non;non;non;non;non;non;non;non;"INDETERMINABLE - deux protocoles possibles ; run_sensitivity_maxiter.m renomme en _np_unifie / _np_par_archi (53bd9f1), l'audit rend desormais EXCLU pour les deux copies, ce qui ne tranche rien - voir classement_P2.csv"
;sensitivity_nc.mat;2026-08-13 17:09;run_sensitivity_nc.m;869;3d9783192d5389b11bdbeaf39594de4871b946dfd541091174294fff29e3b276;1/9;B;non;non;non;oui;non;non;non;non;non;"PLAUSIBLE - db1f75e commite le 15/08 21:29, APRES le run ; non etabli"
;test_gp_residual_manual_closed_loop_20260813_010049.mat;2026-08-12 22:00;test_gp_residual_manual_closed_loop.m;10605;136098c6b6a8d4a6bdbdc7862c0809caa9deabfc269c8ddcd6ecc1b14564ab02;3/9;B;oui;oui;oui;non;non;non;non;non;non;"ETABLI 57d98a4 (script d'entree seul ; dependances de common/ NON auditees ; reserve documentaire permanente) - ATTENTION : la physique NREL de common/ (Tg_rated = 43093.55, git log -S) n'entre dans git qu'en db1f75e le 15/08 21:29, APRES ces runs du 13/08 ; l'etat des dependances au run n'est pas etabli"
;test_lstm_manual_closed_loop_20260813_022723.mat;2026-08-12 23:27;test_lstm_manual_closed_loop.m;7594;fa501e49d2ad9f3e43a1bc10570226befcb41031afc66ea518ee1d166c6a3957;3/9;B;oui;oui;oui;non;non;non;non;non;non;"ETABLI 57d98a4 (script d'entree seul ; dependances de common/ NON auditees ; reserve documentaire permanente) - ATTENTION : la physique NREL de common/ (Tg_rated = 43093.55, git log -S) n'entre dans git qu'en db1f75e le 15/08 21:29, APRES ces runs du 13/08 ; l'etat des dependances au run n'est pas etabli"
;test_residual_manual_closed_loop_20260813_010002.mat;2026-08-12 22:00;test_residual_manual_closed_loop.m;10982;befe6b720fc61fd3ab8c739a4cbc093f4396811fd17e8e483cf444188329cf8d;3/9;B;oui;oui;oui;non;non;non;non;non;non;"ETABLI 57d98a4 (script d'entree seul ; dependances de common/ NON auditees ; reserve documentaire permanente) - ATTENTION : la physique NREL de common/ (Tg_rated = 43093.55, git log -S) n'entre dans git qu'en db1f75e le 15/08 21:29, APRES ces runs du 13/08 ; l'etat des dependances au run n'est pas etabli"
;test_swmlp_pinn_manual_closed_loop_20260813_020324.mat;2026-08-12 23:03;test_swmlp_pinn_manual_closed_loop.m;18898;55c082c47c7246d3451f7b778d6ae76dc0793924819aa97407a6de9dbb328077;3/9;B;oui;oui;oui;non;non;non;non;non;non;"ETABLI 57d98a4 (script d'entree seul ; dependances de common/ NON auditees ; reserve documentaire permanente) - ATTENTION : la physique NREL de common/ (Tg_rated = 43093.55, git log -S) n'entre dans git qu'en db1f75e le 15/08 21:29, APRES ces runs du 13/08 ; l'etat des dependances au run n'est pas etabli"
;test_tcn_manual_closed_loop_20260813_022410.mat;2026-08-12 23:24;test_tcn_manual_closed_loop.m;11267;ad867851b59799b010fb1759f8ef53bcd7df812b46a334889c7b9af33328fc4e;3/9;B;oui;oui;oui;non;non;non;non;non;non;"ETABLI 57d98a4 (script d'entree seul ; dependances de common/ NON auditees ; reserve documentaire permanente) - ATTENTION : la physique NREL de common/ (Tg_rated = 43093.55, git log -S) n'entre dans git qu'en db1f75e le 15/08 21:29, APRES ces runs du 13/08 ; l'etat des dependances au run n'est pas etabli"
;unified_v1v2_protocol.mat;2026-08-15 17:05;run_unified_v1v2_protocol.m;1024;88dcf176961e9b52129b2e965d2a90733696757d8f07ec76c1bbdfac734c6323;0/9;B;non;non;non;non;non;non;non;non;non;"PLAUSIBLE - db1f75e commite le 15/08 21:29, APRES le run (20:05) ; non etabli"
;stage3_predict_bypass_summary.mat;2026-08-20 10:07;generate_predict_bypass_summary_figures.m;801;13e03490a6d9bb7d67d3aeb8c4dc42807775141761241cca5d12a6df2fe69696;0/9;B;non;non;non;non;non;non;non;non;non;"ETABLI db1f75e (script d'entree seul ; dependances de common/ NON auditees ; reserve documentaire permanente)"
serie du manuscrit tab:predict_bypass;(AUCUN);inconnue, anterieure au 11/08/2026;inconnu — 'prior R2024a baseline' (journal, 13/08, fil ouvert 7);0;;0/9;C;non;non;non;non;non;non;non;non;non;SANS OBJET - aucun fichier brut
